0	Язык
1	Ноуэй
2	Ур.
3	ОЗ
4	ОМ
5	Предметы
6	Сохранить
7	Настройки
8	Ключевые предметы
9	Пасть в Чистилище
10	Продолжить
11	Всегда бегать
12	Запоминать выбор
13	Сенсорное управление
14	Громкость музыки
15	Громкость фона
16	Громкость фанфар
17	Громкость эффектов
18	В какой слот сохранить?
19	Из какого слота загрузить?
20	Слот
21	Энри
22	Эмма
23	Уилл
24	Верёвка
25	Порванная верёвка.
26	Золотой ключ
27	Ключ от жёлтой двери.
28	Зелёный ключ
29	Ключ для открытия затвора.
30	Железный ключ
31	Ключ, который что-то открывает.
32	Красный ключ
33	Ключ от комнаты расчленения.
34	Тесак
35	Тесак, который держал труп.\nПугающе прочный — не сломать.
36	Топор
37	Старый, изношенный топор.\nСломается после одного использования.
38	Демонический топор
39	Исчезает в руках того, кого признает.\nКогда появится вновь, хозяин станет демоном.
40	Кошелёк
41	Кошелёк Уилла.\nВ нём довольно много денег.
42	Пергамент ×10
43	Пергамент для учёбы.\nДля записей, заданий и рисунков.
44	Стильный пенал
45	Кожаный пенал-свиток.\nПриятный на ощупь и на удивление недорогой.
46	Короткая дубинка
47	Лёгкая и прочная дубинка из трёх частей.\nНе ржавеет.
48	Секретный ключ
49	Ключ, обронённый убийцей.
50	Синий конверт
51	Нельзя заглянуть внутрь.
52	Загадочный код [a=5648]
53	a = 5 6 4 8
54	Загадочный код [b=8888]
55	b = 8 8 8 8
56	Загадочный код [c=5762]
57	c = 5 7 6 2
58	Загадочный код [d=3126]
59	d = 3 1 2 6
60	--------------------------------------------
61	----------------------------------------------------------------Начало-----7864-------------------------------------------------------------------------------------------------------
62	Перерабатывающий цех № 2
63	......
64	......?
65	Похоже, он перестал тебя преследовать.
66	Получен \c[18]Тесак\c[0], который сжимал труп.
67	......!!
68	Мёртвое тело.
69	Груда трупов.
70	Они мертвы.
71	Груда того, что похоже на внутренности.
72	Собрание человеческих голов.
73	Человеческая голова.
74	Загрузить
75	В главное меню
76	Назад
77	Вернуться в главное меню?
78	Отмена
79	В главное меню
80	Загадочная записка добавлена к ключевым предметам.
81	Получен Красный ключ.
82	Использован Зелёный ключ.
83	Похоже, для открытия затвора нужны
84	два ключа.
85	Для открытия затвора нужен
86	ещё один ключ.
87	Прочный затвор преграждает путь
88	Прочный затвор преграждает путь.
89	Получен Зелёный ключ.
90	→ К перерабатывающему цеху № 1
91	Энри достала \c[18]Тесак\c[0].
92	Стена из плоти преграждает путь.
93	......!
94	Он что-то сжимает в руке.
95	Пальцы трупа не разжимаются.
96	Отрубить кисть
97	Оставить
98	Перерабатывающий цех № 1
99	Голос девушки
100	...О!
101	...*склоняет голову*
102	Эй, эй! Энриии! У меня к тебе
103	маленькая просьба...
104	Ты ведь сейчас свободна, да?
105	Ничем не занята, правда?
106	Просто у меня дел невпроворот!
107	Не отнесёшь эти материалы
108	госпоже Пелии в учительскую?
109	Уф, они слишком тяжёлые, чтобы ждать ответа!
110	Ну, дальше сама, Энри! ♪
111	На тебя взвалили чужую ношу.
112	Спасииибо! Я на тебя надеюсь! ♪
113	Получен Топор.
114	Труп.
115	Туловище разрублено надвое.
116	Отрезанная нога.
117	Пахнет гарью.
118	Ряд человеческих голов.
119	Его пронзили железными прутьями.
120	Его разорвали на куски.
121	Использован Красный ключ.
122	Окровавленная дверь заперта.
123	Прессовочная
124	Склад
125	Комната разведения
126	Комната расчленения
127	Разрубить щупальце
128	Попытаться вырваться
129	Сдаться
130	Ты не можешь пошевелить руками.
131	Получен Железный ключ.
132	Спрыгнуть
133	Отказаться
134	Огромная куча выброшенной окровавленной одежды.
135	Использован Железный ключ.
136	Заперто.
137	Использован Золотой ключ.
138	Старая дверь из золотых пластин.\nНе открывается. Заперто.
139	Похоже, для открытия затвора нужны два ключа.
140	Для открытия затвора нужен ещё один ключ.
141	Замок открыт.
142	Заперто. Дверь не поддаётся.
143	Возможно, её можно отпереть с другой стороны...
144	Получена Верёвка.
145	Получен Зелёный ключ.\.\.\^
146	Крепко застряло и не двигается.
147	Крепко застряло и не двигается.\.\.\^
148	Получен Железный ключ.\.\.\^
149	Убеги от убийцы.
150	Нет времени осматриваться.\.\.\^
151	Похоже, голова взорвалась.
152	Труп превратился в кровавое месиво.
153	Ряд отрубленных голов.
154	Труп пронзён множеством железных прутьев.
155	Сейчас не время возвращаться.\.\.\^
156	Получен Золотой ключ.\.\.\^
157	Незачем снова прыгать вниз.
158	\c[31]Лукас
159	Эй, вы слышали новый слух?
160	\c[29]Оливер
161	Ага! Про то подозрительное здание?
162	Его ведь называют \c[18]Чистилищем\c[0]?
163	Ну да. Говорят, там не только
164	само здание странное, но ещё и здоровенное
165	чудовище в маске бродит!
166	А-а! Какой ужас!
167	Но это же просто слух, да?
168	Ну, конечно...
169	Слушайте, есть идея! Давайте
170	в следующий выходной сходим туда?
171	Проверим, правда ли это!
172	О! ...Да, можно!
173	Я за!
174	Только я бы ещё кого-нибудь позвал...
175	А что, втроём нельзя?
176	В таких делах обычно четверо, да?
177	Согласна с Оливером. Давайте позовём ещё одну девушку
178	заодно! ♪
179	О, придумал! Как насчёт... Перти?
180	Той блондинки? Фу, я её терпеть не могу...
181	Без конца трещит и строит из себя милашку...
182	И думает только о себе...
183	И ПОСТОЯННО бегает за богатыми парнями...
184	Эй, не слишком ли ты? И ты говоришь,
185	что ей нужны деньги, но Перти ведь из одной
186	из шести знатных семей...
187	Да мне всё равно, кто! Просто позовём ещё кого-нибудь.
188	Тогда как насчёт \c[18]Энри\c[0]?
189	Она обычно молчит, но, может, согласится?
190	(К тому же ею будет проще управлять,
191	чем другими девушками, и она не станет
192	мешать... ♪)
193	О, хорошая мысль! ♪
194	Энри загадочная, но симпатичная...
195	Она давно меня интересует.
196	(Как ты смеешь называть другую девушку красивой
197	при мне?! Фиолетовая свинья!)
198	(То есть...! Ну и что! Я всё равно красивее!)
199	Оливер? Что-то не так?
200	А, нет... Просто Энри...
201	Она ведь всегда одна? У неё нет
202	друзей?
203	А ведь и правда. Ни разу не видел,
204	чтобы она болтала с друзьями.
205	Вообще ни разу не слышал, как она говорит...
206	Но я слышал, что она довольно умная.
207	Ну, скорее среди лучших в классе,
208	чем среди отстающих.
209	(И откуда Лукас столько знает об этой
210	девчонке?)
211	Значит, у Энри нет
212	друзей, так?
213	Может, она даже обрадуется,
214	если мы с ней заговорим?
215	Лукас прав! ♪ Уверена, даже
216	такая, как Энри, хочет дружить.
217	Давайте подойдём и пригласим её! ♪
218	(Ну, лучше уж молчаливая девчонка,
219	чем любая другая...)
220	Решено, она идёт с нами! ♪
221	(Но если приблизится к Лукасу или Оливеру,
222	я поставлю её на место. ♪)
223	Л-ладно, хорошо...
224	Эй, Энриии...! ♪
225	Подобран Секретный ключ.
226	Не работает.
227	Похоже, сломано.
228	Похоже, для открытия затвора нужны
229	Спуститься
230	Наверх не подняться.
231	Лучше найти другой путь.
232	Железная пластина преграждает путь.
233	Разбить тесаком
234	Разбить топором
235	Рука немного онемела.
236	Топор сломался.
237	????
238	Энри!
239	Эй! Очнись!
240	О чём ты задумалась?
241	Иди впереди всех, как тебе
242	сказали! Ну и морока...
243	\fs[15](Не нравится мне, когда ты позади...)
244	…*кивает*
245	Так вот то здание из слухов...
246	Атмосфера что надо!
247	\fs[15](Мягко говоря... тут и правда
248	\fs[15]страшно, чёрт возьми!)
249	Ну, что теперь?
250	\fs[15](Бр-р... Уже не предложишь просто уйти...)
251	Лукас... Мне тааак страшно!
252	\fs[15](Очаровать Лукаса, изображая испуг...
253	\fs[15]готово! ♪)
254	Не волнуйся, мы все вместе!
255	\fs[15](Эмма тоже боится! Может, уйдём?)
256	Лукас, если кто-то выскочит, ты меня защитишь,
257	да?
258	Д... Да, конечно...
259	\fs[15](Чего?! Мы что, не уходим?..)
260	Хи-хи... Мой герой! ♪
261	Итак, что делаем?
262	Войдём все вместе и осмотримся?
263	Разве это не ужасная идея?
264	Почему?
265	Ты хоть одну страшную историю читал?
266	Как только все войдут в здание,
267	их там запрут! Такое постоянно бывает!
268	Точно, я тоже такое слышал! Молодец,
269	Эмма!
270	\fs[15](Совсем не хочу идти первым...)
271	Хи-хи...
272	Ну тогда... Есть идеи получше?
273	Пусть кто-нибудь один сходит на разведку!
274	Один из нас... на разведку? Ты серьёзно?
275	Д-да, верно...
276	Надо же убедиться, что там безопасно!
277	\fs[15](Один?! Ну уж нет! Только не я!)
278	Эй, в чём смысл? Зачем нас четверо,
279	если мы отправим одного
280	внутрь, как на спор?!
281	У-у меня важная задача — прикрывать
282	тыл! Да! Очень важная! Так что
283	кто угодно, только не я!
284	\fs[15](Просто ты трус, Лукас? Хотя...)
285	А мне очень страшно, так что...
286	я пас.
287	\fs[15](Теперь можно просто поддакнуть. ♪)
288	Уф, значит, остаюсь я... Не нравится
289	мне это, но пойду.
290	Оливер, тебе тоже не обязательно идти.
291	А?
292	Разве среди нас нет подходящего человека?
293	\fs[15](Я ведь именно для этого её позвала... ♪)
294	Постой, Эмма... Ты же не...
295	Войди и проверь, ладно?
296	\fs[15](Моя главная цель — Лукас, но и Оливер
297	\fs[15]мне нравится. Поэтому ты мешаешь.)
298	А? Что? Что-то не так?
299	\fs[15](Это что? Она собирается мне перечить?)
300	*качает головой*...
301	Ну тогда, пожааалуйста!
302	\fs[15](Вот сука...! Потом распущу о ней слухи. ♪)
303	Энри любезно согласилась пойти первой! ♪
304	\fs[15](Хотя согласилась явно без радости, ха...!)
305	Фух... Теперь можно расслабиться.
306	\fs[15](Спасибо, Энри!)
307	Энриии, скорее провееерь!
308	Ну пожааалуйста!
309	\fs[15](Шевелись, тупица!)
310	Э-эй!
311	Мы почти не общались...
312	Но если ты не хочешь этого делать...
313	просто скажи, ладно?
314	И ещё... Я принёс \c[18]тесак\c[0] для
315	самозащиты. Хочешь взять?
316	...*качает головой*
317	А... Хорошо...
318	Теперь ждём. ♪
319	\fs[15](Какая же ты глупая, глупая девочка, Энри...)
320	Ага, видимо...
321	Похоже, заперто.
322	Поднять рычаг
323	Опустить рычаг
324	Вернуть рычаг
325	Осмотреть труп
326	Ничего не делать
327	Похоже, он держит бумажку.
328	Кровавое месиво.
329	Отрубленная голова мужчины.
330	Заглянуть под записи
331	Использована Верёвка.
332	Кажется, внизу твёрдый пол.
333	Нужно спуститься ещё немного,
334	чтобы безопасно спрыгнуть.
335	Получен Демонический топор.
336	Использовать Секретный ключ
337	Использован Секретный ключ.
338	■▲◆●
339	d+c
340	Из дыры несёт кровью.
341	Ты сняла любимое платье,
342	чтобы не испачкать его.
343	......?!
344	Энри! Скорее спрячься!
345	Чёрт!
346	Энри! Прости... Можешь меня
347	ненавидеть!
348	?!
349	Дверь заперли.
350	...!
351	Рычаг сломан и не двигается.
352	Энри сломала рычаг Тесаком.
353	Огромный кокон преграждает путь.
354	Разрезать кокон тесаком
355	Разрезать Демоническим топором
356	Разрезать оказалось труднее, чем казалось.
357	Похоже, внутри кокона ничего нет.
358	Демонический топор исчез из рук.
359	Демонический топор сломался.
360	Твоё любимое платье. Руки в крови,
361	и тебе не хочется его трогать.
362	КОНЕЦ 1/7 Без спасения
363	Возвращаться слишком опасно.
364	Лучше не надо.
365	...?
366	...??
367	...???
368	Демонический топор вновь появился в руках.
369	...?!
370	КОНЕЦ 2/7 \c[18]Демонификация
371	— Тем временем... —
372	В жилом районе королевской столицы...
373	В ванной не читать! — Мама
374	Мой брат Бел всё время приносит сюда книги
375	и сидит тут целую вечность...
376	Сейчас я не в настроении...
377	Я только что вытерся полотенцем.
378	Думаю, сейчас это не нужно.
379	Здесь приправы и всё такое, но лучше бы
380	мама хранила тут посуду.
381	Надоедает каждый раз относить её
382	на второй этаж...
383	А... Никого нет? Точно! Мама и
384	папа говорили, что пойдут за покупками.
385	А Бел... Он сказал, что сейчас будет есть
386	и делать уроки...
387	Эх... Младший брат учится
388	в престижной Академии Десяти Судей, а я —
389	в самой обычной старшей школе...
390	Я усердно учусь, но это здорово
391	подрывает уверенность... А ещё мой рост —
392	всего метр пятьдесят.
393	Книги, которые собрал папа. Жанры самые
394	разные, так что даже я иногда беру что-нибудь
395	почитать.
396	Дома много книг — благодаря им
397	я быстро справляюсь с домашними заданиями.
398	Говорят, книги бесценны для тех,
399	кто родился в столичных трущобах...
400	Но ещё говорят, что в трущобах
401	законы не действуют.
402	Жуть...
403	Мамина записка. Тут много
404	рецептов и списков ингредиентов.
405	Записка от мамы.
406	Правила дома
407	1. Не занимать ванную надолго.
408	2. Прогонять торговцев с порога.
409	3. В дни распродаж сумки носят мужчины!
410	4. Никаких дорогих напитков!
411	5. Одна бутылка алкоголя в неделю!
412	6. Не вступать в Церковь Сфена!
413	7. Не уходить с незнакомыми женщинами.
414	8. Ты ведь понимаешь, дорогой?
415	Ух... Последнее точно адресовано папе.
416	Книга, которую читает папа.
417	Что-то о торговле.
418	Он взял её в библиотеке?
419	Какой-то справочник?
420	Может, он изучает новые товары?
421	Материалы по папиной работе.
422	Не думаю, что мне нужно это смотреть.
423	Внутри обувь и украшения.
424	Кактус, который купил Бел.
425	Женщина
426	Да, я тоже купила много их товаров...
427	Хм, лучше не пойду туда...
428	В последнее время я накупила столько всего
429	у «Круа»...
430	Мужчина
431	Надо разобрать инструменты...
432	Хм, тут не пройти...
433	Ладно... Сначала зайду к парикмахеру
434	и подстригусь.
435	Как бы меня ни отговаривали,
436	не передумаю!
437	Надо постараться не встретить никого
438	из школы. Смотреть в оба...
439	Здравствуйте.
440	З... Здравствуйте!
441	\fs[15](К-кто это?!)
442	Ой! Какие у вас красивые волосы.
443	Вы пользуетесь особым кондиционером?
444	Э...? М...? Эм... Кажется, это был «Круа»
445	или что-то такое?
446	\fs[15](Я... не помню, но пусть будет так!)
447	Ах да, о товарах «Круа» в последнее время
448	весь город говорит.
449	Может, и мне вскоре
450	попробовать?
451	Д... Да, попробуйте...
452	\fs[15](Не очень понимаю, но буду кивать.)
453	Хм-хм... Ну, до свидания.
454	Ух, я аж вздрогнул... Не ожидал,
455	что незнакомка вдруг со мной заговорит.
456	Но... Она похвалила мои волосы, да?
457	Интересно, женщинам они нравятся?
458	Ладно! Не буду стричься!
459	Так я точно привлекательнее!
460	Без сомнений!
461	Я дооома!
462	КОНЕЦ 4/7 \c[18]Обычные\c[0] дни в столице
463	Меньше знаешь — крепче спишь.
464	Спасибо за игру.
465	Молодец.
466	КОНЕЦ 6/7　\c[18]Утраченные воспоминания
467	\c[18]Будто что-то произошло...
468	Кажется, нельзя просто вернуться домой
469	с этим синим конвертом...
470	Скорее, мне страшно, что случится,
471	если я его проигнорирую.
472	Может, стоит ещё немного
473	поискать...
474	Но как найти женщину без единой
475	зацепки...
476	Это же невозможно...
477	И зачем вообще навязывать такую сомнительную
478	доставку школьнику?!
479	Да и город большой, людей полно —
480	как тут кого-нибудь найти?!
481	Может, просто сжечь этот конверт?
482	Фух... Сколько всего сегодня случилось...
483	Из дома я отправился к парикмахеру...
484	А? Разве я заходил к парикмахеру?
485	М? Я вышел из дома, и...
486	Не могу вспомнить...
487	А? Почему?
488	Странно, обычно я хорошо
489	запоминаю всё в школе...
490	Эм... Что же я ДЕЛАЛ, выйдя из дома?
491	В таком случае надо вспомнить
492	весь день по порядку...
493	Так... Проснулся... Почистил зубы...
494	Позавтракал... Утром принял ванну...
495	До полудня закончил домашние задания...
496	Пообедал, убрал на столе и решил
497	зайти к парикмахеру...
498	Потом вышел из дома.........
499	......А?
500	Потом... Не знаю почему, но я очнулся
501	в глухом переулке...???
502	Потом зашёл в старый дом, получил синий
503	конверт от странного человека... Передал его
504	незнакомой женщине...
505	А... Ещё я спускался под землю.
506	Что-то о церковных рыцарях? Там была
507	и монахиня Церкви Сфена.
508	Потом я как-то выбрался наверх...
509	И вот... Я здесь.
510	Кстати... Откуда у меня этот
511	кожаный пенал?
512	Ничего не понимаю!
513	Может, я споткнулся, ударился головой
514	и потерял память???
515	Так бывает? Ну... Не знаю, но...
516	Нужно вспомнить...
517	D-001...?
518	А? Что? Я... Что я говорю?
519	Нет, постой, что ЭТО было?
520	......???
521	Мне... как-то страшно.
522	Пора домой...
523	КОНЕЦ 6/7 \c[18]Утраченные воспоминания
524	\c[18]Я что-то вижу...
525	В бочке... ничего нет.
526	Здесь мама иногда сжигает мусор.
527	В столице запрещено самостоятельно
528	сжигать мусор, но...
529	Она всё равно сжигает. Причём
530	по ночам...
531	Страшно представить, что сосед
532	на меня донесёт, но...
533	Может, сжечь этот тревожный синий
534	конверт...?
535	Тогда никто не увидит содержимое, даже
536	я сам.
537	Но боюсь последствий, поэтому
538	ещё немного попробую поискать...
539	Кто вообще дал мне этот синий
540	конверт и кому я его передал?
541	Если вмешаться слишком сильно, можно
542	попасть в беду. Лучше мне не знать.
543	Пойдём домой.
544	Кажется, ужин дома есть — незачем
545	заходить.
546	Ничем не примечательные дни...
547	Интересно, этот покой будет вечным?
548	Нужно благодарить рыцарей и королевскую семью,
549	которые защищают страну.
550	Ладно, пойду домой, сделаю
551	уроки... Может, даже позанимаюсь?
552	Ха, как же.
553	Что бы приготовить на ужин?
554	М?
555	Что? Это же тот человек, который заговорил со мной,
556	когда я вышел из дома?
557	Хм...
558	Может... Всё-таки подстричься...?
559	Хотя нет... Все в школе говорят,
560	что не стоит...
561	Но эти длинные волосы постоянно
562	мешают...
563	И ещё... Хочется крутую причёску...
564	Хочу нравиться девушкам!
565	Да и у всех парней в школе стильные
566	короткие стрижки!
567	Почему только мне нельзя?! Вот именно!
568	Это несправедливо!
569	Решено! Тем более сегодня выходной!
570	Подстригусь аккуратно!
571	Будет круто... Хочу выглядеть
572	привлекательно!
573	М-да... В комнате Бела бардак.
574	Учится он хорошо, но вот в этом
575	безнадёжен.
576	Спальня мамы и папы.
577	Здесь почти ничего нет.
578	Я оставил этих кукол, подаренных другом
579	из школы: было жалко
580	выбрасывать.
581	Кажется, они стоили 50 600 ноуэй...
582	Даже для друга... Зачем покупать такую дорогую
583	куклу? Да ещё две?
584	Что у него было в голове, когда он потратил...
585	Получается, сто тысяч на кукол для меня?
586	Эм, постой... Мне уже страшно...
587	Подарок от школьного друга.
588	Я, конечно, рад, но подарки получаю
589	только от парней...
590	Причём от тревожно большого их числа.
591	Это тоже от друга из школы...
592	Эх... Хочу внимания девушек,
593	а не парней...
594	Учебник Академии Десяти Судей.
595	Толстенный. Что внутри?
596	Ого... Медицина.
597	Впечатляет, что он всё это понимает...
598	Так, математика, социология... Торговля, география,
599	пути сообщения? А это что? Углублённые курсы?
600	Уф, ничего не понимаю... Учёба в Академии
601	Десяти Судей, кажется, слишком напряжённая.
602	Похоже, листок с домашним заданием.
603	Хм... Да, это мне не по силам...
604	Из библиотеки? Бел действительно любит
605	книги.
606	Книги, которые купил Бел. Романы,
607	справочники и всё такое...
608	Безнадёжно, я за ним не угонюсь! Просто
609	никак!
610	Одной книгой прижата раскрытая
611	страница другой...
612	Бел... Тут правда надо прибраться...
613	Мама собирает посуду, редкие специи
614	и даже товары ограниченных серий.
615	Посуду на втором этаже хранить
616	очень неудобно, особенно при уборке.
617	Лучше бы мама перенесла её вниз...
618	Папа любит вино.
619	Правда, всё это дешёвое.
620	Просто всякая мелочь...
621	Ничего из этого мне не нужно.
622	Много маминой косметики. В основном
623	от «Круа».
624	Товары «Круа» стали популярными
625	несколько лет назад, да?
626	Что-то связано со знатным домом...
627	Как там было? Неважно.
628	Много маминой и папиной одежды.
629	Получен Кошелёк.
630	Продавец
631	Заходите!
632	О, Уилл! Пришёл за покупками?
633	А... Нет, прости, Люк.
634	Просто заглянул.
635	Люк
636	Ну, скажи, если что-нибудь понадобится!
637	Не хочу, чтобы ты опять внезапно попросил
638	то одно, то другое, как в прошлый раз.
639	Очень извиняюсь. Тогда это было срочно
640	нужно для школьного
641	праздника...
642	Но ты тогда очень меня выручил.
643	Большое спасибо.
644	Ничего...
645	Ну, наслаждайся школьной юностью.
646	Станешь взрослым — работа завалит!
647	Если что понадобится, сообщи заранее!
648	Магазин, в который я обычно хожу.
649	Но сейчас мне вроде ничего не нужно.
650	Мы открываемся вечером!
651	А... Хорошо. Простите за беспокойство.
652	Загляни, когда откроемся, ладно?
653	Эм... Конечно. Приду потом с братом.
654	Там кухня, туда нельзя!
655	Местный ресторан. Заходить незачем.
656	Любопытно. Только немного
657	загляну...
658	Мусорный бак. Незачем смотреть внутрь.
659	А...? Что это?
660	А, чёрт... Забыл кошелёк на работе.
661	Вот ведь влип... Ну ладно.
662	Вчера ночью так гулял, что в кошельке
663	всё равно пусто.
664	(Этот тип постоянно тратит деньги впустую...)
665	(Надо постараться не вырасти таким же.)
666	Пришлось сходить на работу за забытым
667	кошельком...
668	Но, как и ожидалось, деньги украли...
669	Чёрт! Не успокоюсь, пока вора
670	не поймают!
671	Сколько там было?
672	Эм...
673	А... Если подумать...
674	Вчера всё прогулял. Фух, а я-то
675	перепугался!
676	(Но денег у тебя от этого
677	не прибавилось...)
678	Кстати, этот дом... Или, может,
679	склад? Он здесь уже много лет.
680	Интересно, что внутри.
681	Ну... Больше ведь заняться нечем?
682	Лучше вернуться домой.
683	Скоро вечер.
684	Пожалуй, пойду домой.
685	Девушка
686	С домом Круа в последнее время
687	что-то нечисто, да?
688	Кстати, я слышала такой слух...
689	Круа скупают очень много
690	металла.
691	И перевозят огромные партии.
692	Разве это не подозрительно?
693	Да? Похоже, они многое перевозят...
694	Интересно, как идут их дела?
695	Правда? Не знала!
696	Может, куплю книгу или что-нибудь?
697	М? Что такое?
698	Вам что-то нужно, госпо... То есть, господин?
699	Эм... Нет, ничего.
700	\fs[15](Из-за длинных волос меня постоянно принимают за девушку...)
701	Ещё один обычный день.
702	Ах, покой...
703	Набирающий силу знатный дом Круа развернул
704	мощную торговую кампанию...
705	Из-за них мой магазин в торговом
706	районе разорился!
707	Чёрт... Как это могло случиться с таким
708	выдающимся человеком, как я... *бормочет*...
709	\fs[15](Эм... Лучше держаться подальше.)
710	Чёрт, чёрт, чёрт!! Такой выдающийся человек, как я...
711	Не должен... Гра-а-а!!
712	Бездарные акционеры! Никчёмные клиенты!
713	Тупые покупатели!
714	Почему вы не понимаете моих гениальных идей?!
715	Все вы — бездарный мусор, каждый
716	из вас!
717	(Таких, кто смотрит на других свысока,
718	обычно не любят...)
719	(Характер тебе тоже не помогает.
720	Страшно...)
721	Главная улица...
722	Утром тут полно повозок и людей,
723	но сейчас довольно пусто.
724	Который час? Около трёх дня?
725	Значит, скоро вечер?
726	Дальше по главной улице — административный
727	район и квартал знати. За ними —
728	замок...
729	Конечно, обычные горожане редко ходят
730	куда-то, кроме административного района.
731	И в квартале знати, и в замке
732	почти нечего смотреть...
733	Даже за вход в королевский квартал
734	нужно платить...
735	К тому же уже почти вечер...
736	Незачем туда идти.
737	Конечно, обычные горожане редко ходят
738	район и квартал знати. За ними —
739	район и квартал знати. За ними —
740	район и квартал знати. За ними —
741	замок...
742	Прямо по улице — торговый район,
743	фабрика и район развлечений.
744	А дальше, за воротами, —
745	трущобы.
746	Вообще-то я слышал о проходе
747	из западных трущоб в жилой район...
748	Но ведь это неправда, да?
749	Слух старый — не стоит обращать
750	на него внимания.
751	В любом случае мне туда не нужно,
752	так что вернусь.
753	Слух старый — не стоит обращать
754	Прямо по улице — торговый район,
755	Итак... Подумаем.
756	Если я передумал стричься,
757	что ещё делать сегодня?
758	О, знаю. Завтра тоже выходной,
759	может, пойду за покупками?
760	Слышал, в жилом районе открыли новый магазин
761	«Круа». Загляну туда.
762	Для жилого района здесь довольно
763	много ресторанов вдоль улицы.
764	Ещё здесь казармы для солдат,
765	например, этот домик.
766	Правда, их используют только во время больших
767	праздников, торжественных возвращений или приезда
768	важной знати.
769	— Склад —
770	Посторонним вход запрещён
771	Уже вечер. Надо домой...
772	Ещё немного товара осталось...
773	Ну ладно... Бывают такие дни.
774	Обычно утром на рынке я без проблем
775	всё распродаю, а сегодня кое-что
776	осталось.
777	Ну, вчера хотя бы всё продал...
778	Так уж бывает.
779	Ладно, пора собираться! Пойду
780	домой, выпью.
781	Очень удобно, что в последние годы появилось
782	столько сетевых магазинов «Круа».
783	В «Круа» есть всё.
784	Бытовые товары, одежда, украшения —
785	что угодно!
786	А... Уже вечер? Надо домой
787	готовить ужин.
788	Это площадь жилого района.
789	Говорят, каждое утро здесь продают
790	свежие овощи и фрукты.
791	Проталкиваться через толпу
792	утомительно...
793	Но после полудня всё пустеет, так что лучше
794	распродать всё утром.
795	Хм... Сегодня что-то странное.
796	Просто предчувствие, но...
797	Будто в жилом районе
798	что-то происходит.
799	Как бы сказать? Что именно?
800	Словно воздух немного не такой, как обычно?
801	Наверное?
802	Бесполезно...
803	Не могу выразить словами.
804	Магазин «Круа» в жилом районе,
805	да?
806	Обычно магазины расположены в торговом
807	районе, а тут открыли один здесь...
808	Вот уж... Живём в эпоху удобства.
809	Покупки сделаны — пора домой...
810	Уже вечер, я иду домой...
811	У-у-у, столько товара осталось...
812	О! Госпожа! Купите что-нибудь!
813	Пожалуйста!
814	Я... Я мужчина! Какая ещё «госпожа»!
815	А...? Правда? Ого! Вы прямо в моём вкусе!
816	Такой маленький и милый!!
817	До свидания.
818	\fs[15](Ну и человек...)
819	А-а! Постойте, постойте!
820	Купите хоть что-нибууудь!
821	У-у-у, все остальные уже уходяяят!
822	Я мужчина. До свидания.
823	У-у-ух...
824	Просто обычный поход за покупками...
825	Похоже, сегодня такой день.
826	Резкие перемены случаются редко.
827	Пойдём домой.
828	Сегодня я купил пенал-свиток.
829	Такая покупка будто может
830	немного \c[18]изменить\c[0] жизнь, да?
831	Например...
832	Что за звук? Взрыв...?
833	Зачем я это купил?
834	Что мне делать с дубинкой?
835	Эх... Глупая покупка.
836	Уже представляю, как Бел ухмыльнётся,
837	если узнает, что я купил такую ерунду...
838	Хм! Ухмыльнётся — бодну его!
839	С разбега, прямо в живот!
840	Пусть знает, как я страшен,
841	когда меня злят!
842	Ладно... В общем, пора домой.
843	Мама уже должна вернуться. Надо
844	помочь ей с ужином.
845	Что делать с этим конвертом...?
846	Найти какую-то женщину в городе...?
847	Невозможно... Нелепость...
848	Я... Если увижу подозрительную женщину,
849	просто спрошу: «Какой пароль?»
850	Вот и всё! П... Простая работа!
851	Нет, нет, нет!! Это невероятно сложно!!
852	Заходите. Добро пожаловать в «Круа».
853	*зевает*... Спать хочется...
854	Есть новинки? Надо посмотреть.
855	Ты принёс вещи?
856	А, вот проблема...
857	?
858	Новые товары приехали?
859	Ого...! Такой огромный магазин в жилом
860	районе...
861	«Круа» в последнее время очень подозрительно себя ведут...
862	Раньше среди товаров попадалось
863	что-то странное... Что это было?
864	*бормочет*...
865	(М? Что случилось?)
866	Магазины «Круа» сейчас невероятно
867	популярны.
868	Надо и сегодня посмотреть, что у них есть!
869	Шампунь кончился — надо купить ещё!
870	Купить что-нибудь в «Круа»?
871	Я вообще ещё покупаю где-то, кроме «Круа»?
872	Теперь без них не обойтись...
873	Ещё не совсем вечер.
874	До заката есть время — можно
875	не спешить домой.
876	За этими воротами — другой квартал
877	Но мне туда не нужно,
878	так что вернусь.
879	А... Если уйти вот так,
880	это будет кража.
881	Надо оплатить на кассе.
882	Никто не смотрит... да?
883	А-а, о чём я думаю?! Не воруй!
884	Эй, ты... Крутишься у выхода...
885	Что делаешь?
886	А-а... Вы не так поняли! Эм... Ну...
887	Ты подозрительный...
888	Думаешь что-то украсть?
889	Эм... Нет. Просто ещё не дошёл
890	до кассы.
891	Чтобы было ясно: выйдешь с неоплаченным
892	товаром — это уже кража.
893	Кстати, здесь несколько охранников
894	в штатском, так что лучше
895	не пробуй.
896	Д... Да. Пойду на кассу.
897	Верно. Охранникам «Круа» в штатском
898	разрешено применять оружие для задержания.
899	Так что не жалуйся, если пострадаешь
900	А-а...!!
901	Пойду на кассу.
902	Извините, сюда
903	нельзя.
904	52 товара — 34 200 ноуэй.
905	14 товаров — 7 800 ноуэй.
906	Заходите.
907	Большое спасибо за покупки.
908	Вас что-то беспокоит?
909	Не стесняйтесь обращаться, если
910	что-нибудь ищете.
911	Не торопитесь.
912	Спасибо, что заглянули.
913	*тяжело дышит*...
914	Что... Что же выбрать?!
915	Всё хорошее, не могу решить...
916	На чём остановиться?
917	Можно использовать купон «Круа»?
918	Здесь много видов алкоголя.
919	И всё дешёвое!
920	Ой... Купоны остались дома?
921	Милая кукла.
922	И 50 600 ноуэй — вполне хорошая цена.
923	Здесь неплохие книги...
924	В этом месяце с деньгами туго.
925	Может, купить поменьше?
926	Ах... Как красиво...
927	От одного взгляда на такой выбор товаров
928	будто впадаю в транс!
929	До сих пор ничего?
930	34 200?!
931	Ой-ой! Купила слишком много...
932	Вот что значит «Круа»...
933	От такого выбора голова кругом.
934	Ого, у них есть и это пиво?!
935	Невероятный ассортимент...
936	Молодой парень
937	Крутой шлем...
938	Правда, кажется, он для украшения,
939	а не для ношения.
940	(Если присмотреться, этот человек довольно
941	крепкий.)
942	(Если такой меня прижмёт,
943	я ничего не смогу сделать.)
944	(Да, лучше не воровать...)
945	Может, купить пергамент для
946	учёбы?
947	Кассир
948	Эм, я хотел бы купить вот это...
949	Хорошо. Десять листов
950	пергамента — 200 ноуэй.
951	Эм, вот...
952	Да, всё верно.
953	Спасибо за покупку.
954	Будем рады видеть вас снова.
955	Куплено 10 листов Пергамента.
956	Ну вот, купил...
957	Пергамент ведь расходуется, так что
958	его нужно немало...
959	Зачем я пришёл в огромный магазин,
960	чтобы купить только бумагу...?
961	Ну, неважно... Пойдём домой.
962	Хорошо. С вас 500 ноуэй.
963	Куплен Стильный пенал.
964	Кожаный пенал... Очень стильный.
965	Может, похвастаться в школе после
966	выходных?
967	Ладно, пора домой.
968	Хорошо. С вас 1 000 ноуэй.
969	Куплена Короткая дубинка.
970	Даже для самозащиты мне вряд ли
971	придётся часто ей пользоваться, да?
972	Там, где патрулируют рыцари,
973	очень спокойно.
974	Зачем же я это купил?
975	снова видеть вас.
976	У вас есть купон?
977	О... Ого... Так вот магазин «Круа»!
978	П-потрясающе. Столько всего
979	интересного...
980	Ладно, сначала осмотрюсь.
981	Эм... Товаров столько, что трудно
982	даже всё посмотреть.
983	Хм, что купить?
984	Подумать
985	Блокнот из пергамента
986	Стильный пенал
987	Короткая дубинка
988	Для школы нужен пергамент.
989	А мне самому хочется пенал.
990	Дубинка пригодится для самозащиты.
991	Пергамент купить полезно, но, наверное,
992	это слишком \c[18]обыденно\c[0]...
993	Стильный пенал мог бы что-то \c[18]изменить\c[0].
994	И можно похвастаться в школе.
995	А дубинка пригодится для
996	самозащиты, но это как-то \c[18]нереалистично\c[0]...
997	Ведь здесь спокойно:
998	столько рыцарей патрулируют столицу...
999	Я ни разу не оказывался замешан в преступлении
1000	или драке.
1001	Ладно, может, куплю этот пергамент?
1002	Нужно же делать записи для школы.
1003	И он дешевле, чем там, где я обычно
1004	покупаю. Да, решено.
1005	Пойду на кассу и
1006	оплачу.
1007	Этот кожаный пенал-свиток
1008	смотрится хорошо...
1009	Цена... Наверное, высокая,
1010	да...?
1011	Постой, что? Шутишь!
1012	Так дёшево?!
1013	Кожаные вещи обычно стоят целое состояние...
1014	Л... Ладно, покупаю! Точно!
1015	Надо на кассу.
1016	Дубинка мне особо не нужна, да?
1017	В столице довольно спокойно,
1018	и рыцарей на патруле много.
1019	Даже в утреннем «Рыцарском вестнике» писали,
1020	что уровень преступности в этом году
1021	рекордно низкий.
1022	Но дубинка маленькая, её удобно носить... Может,
1023	она станет модным... аксессуаром?
1024	Никто не скажет, что это глупо,
1025	да...?
1026	Ну... Будем считать, что она для
1027	самозащиты. Да, вот так.
1028	И стоит дёшево. Куплю её
1029	на кассе.
1030	Хм, столько всего продаётся.
1031	Что купить...?
1032	А, чёрт, забыл кошелёк!
1033	Нужно вернуться за ним.
1034	Кажется, оставил на кровати.
1035	Здесь продают и оружие, и нарядную одежду?
1036	Костюм на стене довольно яркий.
1037	Но дешёвый, так что наверняка отличается
1038	от одежды знати...
1039	Столько товаров, что всё время
1040	отвлекаюсь.
1041	Декоративная бутылка.
1042	Синяя жидкость внутри украшает её.
1043	Любителям таких вещей наверняка понравится...
1044	Фиолетовая жидкость внутри украшает её.
1045	Зелёная жидкость внутри украшает её.
1046	Шлем. Может, декоративный?
1047	Точно, шлем декоративный.
1048	Товары расставлены так, что выглядят
1049	дорого.
1050	Щиты в магазине — это уже
1051	перебор...
1052	Что это? Украшение?
1053	Для декоративного меча он хорошо заточен.
1054	Для украшения он выглядит острее,
1055	чем ожидалось.
1056	Пергамент — популярная бумага среди
1057	простых людей.
1058	Если не ошибаюсь, наше королевство производит
1059	и вывозит много пергамента.
1060	Ещё я слышал о вирмовой бумаге,
1061	которую делают из кожи вирмов...
1062	В краях, где полно чудовищ, тяжело,
1063	зато материала всегда хватает.
1064	Об этом рассказывали в школе...
1065	Всё время что-нибудь привлекает взгляд...
1066	Книги разбросаны, но, может,
1067	их нарочно так разложили,
1068	чтобы выглядело стильно?
1069	Хм... Заставляет задуматься.
1070	Столько разных вещей продают...
1071	Что это? Старинная бутылка?
1072	А? Кольцо? Хм... Недорогое,
1073	значит, копия.
1074	Но за такую цену его можно
1075	носить как украшение.
1076	Похожи на драгоценные камни, но вблизи видно,
1077	что это стекло.
1078	Впрочем, для украшения подойдут.
1079	Какие низкие цены...
1080	Даже мне по карману.
1081	О, стеклянная чашка. Очень красивая...
1082	Бутылка для приправ или
1083	заготовок. Мама их покупает достаточно,
1084	ещё не нужно.
1085	Посуда. Её здесь тоже много,
1086	похоже.
1087	Есть посуда с узорами?
1088	Когда выбираешь для себя,
1089	становишься удивительно придирчивым...
1090	Продают и пиво? Хотя я ещё не могу пить —
1091	несовершеннолетний...
1092	Папа любит пиво, но всегда покупает
1093	дешёвое.
1094	Нет, не так... Разве он не говорил, что ему больше нравится
1095	расставлять бутылки, чем пить?
1096	Красивая пивная бутылка.
1097	Папе наверняка понравится.
1098	Очень стильная бутылка пива.
1099	Не знаю, хватит ли смелости носить такую
1100	яркую шляпу на людях...
1101	Кому-то, наверное, нравятся такие
1102	вещи...
1103	Золото? Нет... Просто позолота. Для
1104	украшения.
1105	Наверняка кому-нибудь понравится.
1106	Сделано из металла.
1107	Мне такое, наверное, нравится...
1108	О, такая же кукла, как у меня в комнате!
1109	Парень из школы давно её подарил.
1110	Что, значит, это тоже от «Круа»?
1111	И сколько стоит...?
1112	50 600 ноуэй...
1113	\fs[27]СТОЛЬКО?!
1114	\fs[27]Правда?! Как страшно!
1115	50 600...
1116	Чем больше думаю, тем страшнее...
1117	О? Подарочная коробка, чтобы положить
1118	подарок.
1119	А? Эта коробка очень похожа
1120	на ту, что в моей комнате.
1121	А? Новая книга на хорошей
1122	бумаге! Эм, а цена...
1123	Безумно высокая.
1124	Большинство этих книг на хорошей
1125	бумаге. Но... Стоят невероятно дорого...
1126	Некоторые книги на хорошей бумаге,
1127	но многие — на пергаменте.
1128	Ещё тут много известных авторов.
1129	И есть пустые книги без
1130	записей...
1131	Можно писать стихи или рисовать
1132	в них.
1133	Но цены безумно высокие...
1134	Хм, сколько же здесь всего...
1135	Есть и расходные материалы, и
1136	инструменты.
1137	Можно неплохо провести время, просто
1138	осматриваясь.
1139	Столько товаров и людей...
1140	Голова кружится.
1141	О, даже товары для самозащиты?
1142	Даже блокнот из пергамента...
1143	Есть всё.
1144	И много красивых пеналов...
1145	Много посуды, как у нас дома.
1146	Может, купить что-нибудь из посуды
1147	для себя?
1148	Здесь много разных приправ.
1149	Ого, и напитков полно.
1150	Похоже, здесь в основном алкоголь.
1151	Дёшево, и видов много.
1152	До совершеннолетия нельзя пить, так что не знаю,
1153	каков алкоголь на вкус, но любопытно.
1154	Видел на улице людей, пьяных
1155	в стельку...
1156	Не хочу стать таким.
1157	Подозрительный мужчина
1158	А? Тебе чего надо?
1159	П... Простите! Я уже ухожу!
1160	\fs[15](Бр-р... Лучше быть осторожнее.)
1161	\fs[15](Здесь есть опасные люди, которые не выходят на свет...)
1162	\fs[15](Даже в жилом районе есть такие места...)
1163	Мне любопытно, что за взрыв... Или,
1164	э-э, хлопок? Раньше я ничего подобного
1165	не слышал...
1166	А? Странно, звук вроде пришёл
1167	отсюда...
1168	Может, дальше...?
1169	Но впереди атмосфера какая-то
1170	опасная.
1171	Может, поступить разумно и вернуться...?
1172	Хм... Да, лучше назад.
1173	Но мне любопытно...
1174	Ну... Если станет опасно, просто быстро
1175	убегу. Всё хорошо, всё хорошо.
1176	Эй! Скорее грузи товар на тележку.
1177	Надо засунуть это в груз «Круа»,
1178	пока не пришли рыцари, — и работа
1179	закончена.
1180	Парень
1181	Это всё \c[18]металл\c[0], что ли?
1182	Чёрт, как тяжело!
1183	Хватит ныть, шевелись!
1184	Просто грузи на тележку!
1185	Если рыцари нас поймают,
1186	арестуют именно нас.
1187	Но если справимся, получим огромную награду
1188	от «Круа».
1189	Так что ты там делаешь, а?!
1190	Я сказал толкать тележку к
1191	повозке «Круа»!
1192	*задыхается*... Не могу...
1193	Так тяжело... *задыхается*...
1194	«Круа» уже ждут!
1195	Давай быстрее!
1196	А-а... Кто-нибудь, помогите...!
1197	(Что делать? Кажется, я увидел то,
1198	чего не должен был...)
1199	(Они говорили, что ящик полон
1200	\c[18]металл\c[0], верно?)
1201	(Куда они везут этот металл...?)
1202	(И откуда столько металла
1203	в жилом районе?)
1204	(К тому же рыцари арестуют их,
1205	если поймают...)
1206	Не знаю, что они задумали, но,
1207	наверное, стоит сообщить об этом?
1208	Ладно, пора уходить.
1209	А...?!
1210	Мужчина справа
1211	Эй... Где Ник?
1212	Он должен был стоять на страже.
1213	Мужчина слева
1214	Не видел... Куда он делся?
1215	Ну, что делаем с мальчишкой?
1216	А... э...
1217	Он нас видел. Конечно, надо схватить его.
1218	А-а...!!
1219	(Н... Надо бежать! Они меня убьют!)
1220	Эй, малец! Иди сюда по-хорошему...
1221	Эй! Мальчишка! Стой, чёрт побери!
1222	Что за шум?!
1223	Нас заметил пацан! Нам конец,
1224	если он донесёт!
1225	Куда смотрел сторож?!
1226	Проклятый бездельник!
1227	Все вы бесполезны! Поймайте его уже!
1228	Тц... Даже если это ребёнок,
1229	нам не нужны проблемы с рыцарями.
1230	Да брось, со стороны всё равно
1231	кажется, будто мы просто работаем.
1232	Подумай сам. Он же не станет
1233	доносить из-за такого...
1234	Хватит прохлаждаться, идиоты! За работу!
1235	Всё должно быть перевезено за 30 минут!
1236	Мужчины
1237	30 минут?! Да это невозможно!!
1238	Я сказал — сделайте! За 30 минут!
1239	Эти люди точно замышляют что-то
1240	плохое! Надо сообщить рыцарям!
1241	\fs[20]Эй! Малец! Р-р-р, стой!!
1242	Он очень злой! Надо бежать...
1243	Убегите от подозрительного мужчины.
1244	Подозрительный мужчина
1245	Наконец-то попался!
1246	Ну! Иди сюда!
1247	Мужчины увели Уилла...
1248	А-а, они всё ещё гонятся за мной!
1249	Эй! Хватайте его уже!
1250	Ну и настырные...
1251	Доберитесь до главной улицы.
1252	О? Ты пришёл сюда?
1253	Это немного неожиданно...
1254	А? Что? Э-э...???
1255	(Что? Когда те двое, которые
1256	гнались за мной, успели уйти?)
1257	Ты не оставляешь мне выбора.
1258	Придётся тебе немного поспать.
1259	Эм?
1260	А...? Что я делал?
1261	Эм, кажется, я ходил за покупками
1262	в магазин «Круа»...
1263	А потом...
1264	Хм? Почему я не могу вспомнить?
1265	И что я вообще делал
1266	в таком месте...?
1267	Уже вечер. Пожалуй, пойду домой.
1268	Эй...? Что ты делаешь?
1269	Почему ты вдруг упал...
1270	Эм...?
1271	Что за...? Они не идут?
1272	Сдались?
1273	Ну, ладно...
1274	Надо сообщить об этом рыцарям!
1275	Две цели... успешно устранены.
1276	Мальчик из числа гражданских не пострадал.
1277	\c[18]Подразделение ANT\c[0] A-2 успешно
1278	захватило объект и забрало металл.
1279	Подразделение ANT
1280	Тела убраны. Никаких следов
1281	нашего присутствия не осталось.
1282	На этом мой доклад окончен.
1283	Голос
1284	Я наблюдал. Ты хорошо справилась,
1285	несмотря на непредвиденные обстоятельства.
1286	Интересно, ты намеренно привела
1287	того мальчика сюда?
1288	Хотите знать?
1289	Прости... Этот вопрос не имеет
1290	отношения к твоим обязанностям.
1291	Покидаю объект.
1292	— Несколько минут спустя... —
1293	Командир рыцарского взвода
1294	И где же подозрительные люди
1295	и металл, о которых ты говорил?
1296	А... А? Тут было столько металла,
1297	но он исчез!
1298	Не так уж много времени прошло.
1299	И эти люди, эта «гора металла» —
1300	они действительно были здесь?
1301	Да! Были! Я абсолютно уверен...
1302	Тогда почему я ничего
1303	здесь не вижу?
1304	Э... Я... сам не знаю...
1305	*вздох* Ладно. Уходим...
1306	Рыцарь
1307	Нет, подождите, командир.
1308	Возможно, мальчик говорит правду.
1309	Что? В каком смысле?
1310	Посмотрите сюда.
1311	Их трудно заметить, но на земле
1312	остались слабые следы от ящиков.
1313	Что...?
1314	Действительно, здесь что-то стояло.
1315	И мелкие щепки тоже есть.
1316	Признаю, я бы не заметил,
1317	если бы ты не сказал.
1318	Юноша, весь этот металл
1319	лежал в деревянном ящике?
1320	А... да! Именно! Ящик был
1321	очень большой! И металла было много!
1322	Когда ты это видел?
1323	Эм... около десяти минут назад...
1324	Понятно...
1325	Ладно, бойцы. Опросим людей
1326	и проведём расследование.
1327	Пока не прошло много времени,
1328	найти сведения будет проще.
1329	И следите за подозрительными лицами.
1330	Так точно!
1331	Что ж, юноша, уже поздно.
1332	Тебе пора домой.
1333	Хорошо... Спасибо, что поверили мне.
1334	Не стоит благодарности.
1335	Это наш рыцарский долг.
1336	А такое количество металла может
1337	быть связано с проблемами
1338	государственного масштаба.
1339	Проблемами?
1340	Ну... тебе незачем об этом знать.
1341	Предоставь это нам.
1342	Уже вечер.
1343	Иди домой.
1344	Хорошо, понял.
1345	Остальное доверяю вам.
1346	Не представляю, как они перевезли
1347	столько металла за десять минут...
1348	И откуда они его взяли?
1349	Куда собирались отвезти?
1350	Хм-м...
1351	Нет смысла гадать.
1352	Надо скорее домой...
1353	КОНЕЦ 5/7  \c[18]Тень за спиной
1354	Прочная металлическая дверь закрыта.
1355	Что делать?! Что делать?!
1356	Тут нет ручки! Как её открыть?!
1357	Бел! Бел! Помоги-и-и!
1358	Прости, что утром перепутал
1359	сахар с солью для твоего кофе!
1360	Пожалуйста, помоги! Бе-е-ел!
1361	Как-то неожиданно...
1362	Такое место в обычном переулке...
1363	А! Стой!! Дверь только что!!
1364	Ч-что... что делать?!
1365	Меня заперли!!
1366	С-с... сп-спокойно...
1367	В т-такие минуты нужно
1368	с-сохранять спокойствие...
1369	Это ведь... жилой район?
1370	Нет, я спустился по лестнице. Значит, это подвал...
1371	Но не обычный подвал, правда?
1372	Всё здесь... слишком строгое и неестественное...
1373	И жуткое...
1374	Это железная дверь, как ворота замка?
1375	Нет... она явно устроена
1376	иначе, чем ворота замка.
1377	Может, она не открывается
1378	ни вперёд, ни назад?
1379	В любом случае... вряд ли
1380	я смогу пройти.
1381	Ого!! Что это?! На бумаге полно букв и цифр!
1382	И вообще... что это? Я ничего не могу прочитать.
1383	Э...?
1384	64styoh:eth...??
1385	Хм... Весь лист заполнен таким текстом. И остальные тоже...
1386	Кто мог написать эту непонятную абракадабру...?
1387	Много сложных книг...
1388	Кажется, большинство — о медицине...
1389	А... это...
1390	Карта столицы...?
1391	Постой, я никогда не видел
1392	такой подробной карты района...
1393	Что она здесь делает?
1394	Но сейчас мне нужна не карта,
1395	а подсказка, как отсюда выбраться!
1396	Ничего такого нет...?
1397	Вот незадача...
1398	Что за.........?
1399	(Та женщина, что была раньше?)
1400	Хм-хм... Ты пахнешь совсем как \c[18]он\c[0].
1401	И волосы похожи, только шелковистее.
1402	Э... Эм... а?
1403	Э... постойте...! Я... хочу домой...
1404	Расслабься.
1405	\c[18]Я сотру твои воспоминания о последних тридцати минутах.
1406	А...???
1407	А теперь...
1408	Пока он без сознания, дам ему выпить это...
1409	Вот так...
1410	Теперь отнесу его к выходу и оставлю там.
1411	Уф... В последнее время столько работы.
1412	Руководитель говорил, что \c[18]проект
1413	\c[18]«Явление Чистилища»\c[0] вошёл в стадию планирования...
1414	Как хлопотно. В крупных экспериментах
1415	слишком много неизвестных факторов...
1416	Это наверняка нарушит наши планы.
1417	Впрочем, если всё получится,
1418	мы гораздо быстрее перейдём к \c[18]фазе 2\c[0]...
1419	Где я?
1420	Кажется, тут много всего...
1421	Попробую осмотреться.
1422	Может, где-нибудь написано,
1423	как отсюда выбраться.
1424	Эм, кажется, я ходил за покупками в магазин «Круа»...
1425	Почему я вообще спал в переулке?
1426	Не заметил, как наступил вечер...
1427	Надо домой — помочь с ужином...
1428	Хм... Что-то живот болит.
1429	Может, съел что-нибудь не то?
1430	Ну, неважно... Пойду домой.
1431	\FS[20]— Ч и с т и л и щ е —
1432	\FS[20]                             
1433	\FS[20]
1434	Автор: N a m a
1435	\FS[20]Представляют
1436	\FS[20]LOBELIA COMPANY
1437	\FS[20]ЦЕРКОВЬ СФЕНА
1438	\FS[20]Оригинальная игра
1439	\FS[20]N a m a\FS[20]
1440	Концепции персонажей
1441	\FS[20]N a m a\FS[20]
1442	Режиссёр
1443	Композиция сюжета
1444	Дизайн персонажей
1445	\FS[20]N a m a\FS[20]
1446	КОНЕЦ 7/7 \c[18]На пороге ненормального
1447	Спасибо, что прошли игру до конца.
1448	Встретимся в следующей игре.
1449	Незачем возвращаться. Пора уходить.
1450	Скорее на выход.
1451	КОНЕЦ 3/7 Живое возвращение
1452	Большое спасибо за прохождение игры.
1453	Nama
1454	Привет, это Nama.
1455	В этой комнате можно свободно посмотреть
1456	иллюстрации, встречавшиеся в игре.
1457	Если хотите, рассмотрите их получше.
1458	А ещё мне будет приятно услышать
1459	ваши впечатления об игре.
1460	Открыть альбом иллюстраций?
1461	Посмотреть
1462	Не смотреть
1463	Что хотите посмотреть?
1464	Подборка паролей
1465	Карта столицы
1466	Закончить просмотр
1467	Повешенная Энри
1468	Иллюстрация концовки
1469	Экран меню (только Энри)
1470	Вторая иллюстрация в итоге не вошла в игру.
1471	Подборка вступительных иллюстраций
1472	Подборка экранов поражения
1473	Прочее
1474	Амалия со спины
1475	Ой... Я не могу пройти...
1476	А, здравствуй, Уилл.
1477	Пришёл по поручению отца?
1478	Если нет, несовершеннолетним я ничего не продам.
1479	Аха-ха... Вы всегда снабжаете папу.
1480	А, кукла Мару-тян.
1481	Пожалуйста, не заходи за прилавок...
1482	Здесь папа обычно покупает алкоголь.
1483	Несовершеннолетним пока нельзя пить.
1484	Нас учили этому в школе...
1485	Извините, мы ещё не открылись.
1486	Э-эй! Скоро открываемся!
1487	Вы готовы?
1488	Ресторан.
1489	Я редко здесь бываю, но...
1490	Можно мне войти?
1491	Добро пожаловать...
1492	Чувствуйте себя как дома...
1493	В это время всегда хочется спать...
1494	Хм, что бы почитать?
1495	Пока выбирал, стало так поздно...
1496	Книжный магазин, куда часто ходит брат Бел.
1497	Кажется, его содержит богатый
1498	дворянин, поэтому большинство книг
1499	напечатаны на хорошей бумаге.
1500	Хорошая бумага дорогая, но у тех,
1501	кто ведёт совместные дела
1502	с домом Ланселорд...
1503	В последнее время цены очень разумные.
1504	Даже мне такие книги по карману.
1505	Кажется, этот магазин поддерживает
1506	герцог Ланселорд, поэтому цены
1507	здесь очень низкие...
1508	Когда дворяне показывают своё богатство,
1509	народ тоже чувствует себя спокойнее.
1510	Люди приезжают, экономика растёт...
1511	Эм... Кажется, мы проходили это
1512	на экономике. Как же там было...?
1513	Ну нет, нельзя заходить в чужие дома...
1514	Это жилой комплекс...?
1515	Или многоквартирный дом?
1516	Лучше не шуметь.
1517	Кто там...?!
1518	А... что...?! Ничего! Простите!!
1519	Хм? Ребёнок...?
1520	Эм... Я старшеклассник!
1521	Вот как...
1522	(Э...? Что происходит? Лучше
1523	уйти отсюда...)
1524	У меня небольшая просьба.
1525	Выслушаешь?
1526	(Ой... Что делать?)
1527	Выслушать
1528	Убежать
1529	Эм... Если это не нарушает
1530	законов королевства, я выслушаю...
1531	Я хочу, чтобы ты доставил этот конверт
1532	одному человеку.
1533	Из-под двери выскользнул конверт.
1534	Получен Синий конверт.
1535	Можно заглянуть внутрь?
1536	Не заглядывай.
1537	Никому, кроме получателя,
1538	нельзя видеть или трогать конверт.
1539	Эм, это звучит как какое-то
1540	преступление...
1541	Его содержимое не нарушает
1542	закон.
1543	Но всё равно не заглядывай...
1544	Это касается...
1545	тёмной стороны этой страны.
1546	Ой...
1547	Передай конверт женщине,
1548	которая находится где-то в городе...
1549	Пароль — «сталь».
1550	П... Подождите! Женщина? Это слишком
1551	расплывчато!!
1552	И что значит «пароль»...?
1553	Ч... Что же делать...?
1554	Э... Простите-е!
1555	Э... Эм...
1556	Хм...? Тот мальчик?
1557	Выслушаешь мою просьбу?
1558	(Что делать?)
1559	Подождите...
1560	Простите... Можно немного подождать?
1561	По возможности поторопись...
1562	А... конечно...
1563	Безработный дядька
1564	\fs[18]АААААААААААААААААА!!
1565	\fs[25]АААААААААААААААА!!
1566	\fs[30]АААААААААААААА!!
1567	\fs[20]А-А-А-А-А-А!!
1568	Что с ним?! О... Он ненормальный!!
1569	Мне страшно! Страшно! Страшно!
1570	X/X/XX: Сегодня меня уволили...
1571	Пошёл к чёрту мой начальник!! До самого конца нес всякую чушь!!
1572	Что значит «некомпетентный»?!
1573	«Необразованный»?! «Нищий»?! «Низкорослый»?!
1574	«Никому не нужный»?! Чёрт! Хватит оскорблять меня!
1575	В конце он ещё и избил меня
1576	руками и ногами... Издевался, зная,
1577	что я не дам отпор!
1578	Остальные тоже смеялись
1579	надо мной...!! Чёрт... чёрт... чёрт!!
1580	Теперь я зол! Никогда им этого не прощу!! Всех убью!!
1581	X/X/XX
1582	Компания, из которой меня уволили, разорилась.
1583	Так вам и надо, неудачники-и-и!!
1584	Я слил все сведения о компании
1585	и личные данные сотрудников «Круа»!
1586	Представляю, как мой паршивый босс корчится от бо-о-оли!!
1587	И через несколько дней «Круа» ещё и наградит меня!
1588	Жалкий подонок!! Кажется, я победил!!
1589	Ползай по земле, как червяк!
1590	ХАХАХАХАХАХАХАХА!!
1591	Он так рад... Жутко...
1592	Это жилой комплекс? Многоквартирный дом?
1593	Он совсем обветшал...
1594	В таких местах собираются странные люди.
1595	Нужно быть осторожным...
1596	Дверь была открыта, и я вошёл,
1597	но...
1598	Почему здесь никого нет?!
1599	Призрак...? Нет, давай рассуждать здраво.
1600	Может, тут тайный проход?
1601	Этот участок пола очень подозрительный...
1602	Не выходит... Не знаю, как открыть.
1603	Не понимаю, но лучше
1604	больше сюда не лезть...
1605	Если подумать... Зачем я вообще
1606	вторгся сюда?
1607	Хотя... Я почти не видел,
1608	чтобы кто-то сюда входил или выходил.
1609	Это рядом с домом, поэтому
1610	мне всегда было любопытно...
1611	Но разве можно вламываться
1612	только из любопытства?
1613	Уилл
1614	(Здесь отверстие для передачи
1615	вещей...)
1616	(На другой стороне кто-то есть?
1617	Слишком темно, не видно...)
1618	Ты долго добирался...
1619	(...Кто-то заговорил со мной!)
1620	Итак... где конверт?
1621	(Хм...? Конверт?)
1622	(Может, этот синий конверт?)
1623	(Постой... Та «женщина» —
1624	человек по ту сторону стены?)
1625	(Голос и правда женский...)
1626	Что ты делаешь? Мне бы хотелось,
1627	чтобы ты поторопился.
1628	(Ой! ...Лучше скорее передать его!)
1629	А-а... точно!
1630	Мне ведь нужно назвать пароль?
1631	«Сталь». Этого достаточно?
1632	(Точно, я забыл про пароль... Ну и ладно.)
1633	Уилл передал конверт женщине
1634	по ту сторону стены.
1635	Синий конверт с золотой надписью...
1636	Посылка благополучно получена.
1637	Но к чему это молчание?
1638	Вы очень осторожны, барон \c[18]Туэ\c[0]...
1639	(Туэ...?)
1640	Ах, простите... Вы ведь не любите,
1641	когда вас так называют.
1642	Что ж, я вернусь в штаб
1643	и передам конверт руководителю.
1644	Желаю вам удачи...
1645	Удалось передать конверт,
1646	не проронив ни слова...
1647	Есть над чем задуматься, но сейчас
1648	я вообще не хочу ни о чём думать.
1649	Я совсем вымотался...
1650	Пойду домой... Есть хочется.
1651	Эм, дверь открыта...
1652	Нельзя просто заходить... правда?
1653	О, игральные карты.
1654	Кто-то играл во время перерыва?
1655	Кажется, было написано, что сюда
1656	можно только уполномоченным лицам...
1657	Я редко вижу, как кто-то
1658	входит или выходит отсюда...
1659	Но, кажется, это обычно рыцари.
1660	Видел их по дороге в школу...
1661	И когда ходил за покупками...
1662	Ну, сейчас никого нет. Можно ведь
1663	немного заглянуть?
1664	Так здесь был такой подвал...
1665	Постой, мне ведь нельзя
1666	сюда заходить?
1667	Но если совсем ненадолго...
1668	...!!
1669	Если пойду туда, уже
1670	не смогу вернуться.
1671	Придётся повернуть назад...
1672	Л... Лучше домой! Дальше идти
1673	слишком опасно...
1674	Да... Домой!
1675	Ч... Что делать?
1676	Нужно идти дальше...?
1677	Сначала открою дверь...
1678	Пока попробую пройти,
1679	а там подумаю.
1680	(Хм...? Там кто-то есть?!)
1681	(Ой... Если меня найдут, будет плохо!
1682	Нужно вести себя тихо!)
1683	(Я ведь поступаю плохо...)
1684	\c[12]Рыцарь?
1685	Эй... Ответь уже.
1686	Есть приказ \c[18]понтифика\c[0]?
1687	Мы готовы действовать в любой момент!
1688	\c[11]Монахиня?
1689	Понтифик сказал, что нам
1690	не следует действовать.
1691	Что...?! Сколько наших церковных
1692	рыцарей пожертвовали собой, по-твоему?!
1693	Не десять и не двадцать!
1694	Если \c[18]мы\c[0] оставим их в покое,
1695	это королевство погибнет!
1696	Нет... не «погибнет» — оно уже
1697	больше чем наполовину погибло!
1698	Ты понимаешь это?!
1699	(А...?)
1700	И всё же ни один человек,
1701	выступивший против них, не вернулся.
1702	Это лишь путь к бессмысленной смерти.
1703	Так говорит понтифик.
1704	...Чёрт!!
1705	Просто сидеть и смотреть...
1706	Ты это хочешь сказать...?
1707	Если передать слова понтифика,
1708	«сейчас не время сражаться».
1709	А ещё «положение королевства
1710	нельзя предавать огласке»...
1711	Хватит... Позволь мне встретиться с понтификом!
1712	Где он сейчас?!
1713	Я не могу ответить.
1714	Почему?!
1715	Они могут узнать,
1716	где находится понтифик.
1717	Неужели понтифик потерял
1718	желание сражаться...?
1719	Нет... Мы потеряли столько
1720	братьев по оружию...
1721	Может, это сделало его осторожнее...
1722	Но мы должны действовать! Кто ещё
1723	будет с ними сражаться?!
1724	Ну...
1725	(Ч... Что такое...? У них очень
1726	тревожный разговор.)
1727	(Мне... наверное, нельзя
1728	этого слышать!)
1729	(Лучше скорее уйти!)
1730	\fs[20]Кто там?!
1731	Мм...?
1732	Наверное, просто упала и разбилась бутылка...
1733	Может, крыса пробежала?
1734	Тц... Напугало...
1735	На всякий случай проверьте путь,
1736	по которому мы пришли.
1737	Они вполне могут быть рядом...
1738	Если их там нет, возвращайтесь
1739	на свои посты.
1740	Здесь разберусь я.
1741	Это место тоже нельзя назвать безопасным.
1742	Лучше сменим расположение.
1743	Верно. Пройдём ближе
1744	к внешней стене.
1745	Уф... Кажется, на этот раз
1746	я выкрутился.
1747	Было страшно. Ладно, пора
1748	выбираться отсюда.
1749	Это... очень грязный подвал. Тут
1750	пивные бутылки и странные ящики...
1751	Повсюду бутылки. Рыцари
1752	что, устроили здесь вечеринку?
1753	А деревянные ящики, кажется, пустые...
1754	Но главное... для чего вообще
1755	нужен этот подвал?
1756	Хм... Совсем не понимаю.
1757	Здесь стулья и столы...
1758	Похоже, вечеринка всё-таки была.
1759	Наверное, это разумно...
1760	Кое-кто плохо себя ведёт, когда пьян,
1761	а здесь уединённо.
1762	Даже если шуметь,
1763	никому не помешаешь.
1764	Ну нет, нельзя заходить в чужие
1765	дома...
1766	Похоже, это жилой комплекс.
1767	Наверное, посторонним нельзя
1768	просто так сюда заходить?
1769	Кстати, у тебя ведь была девушка,
1770	да?
1771	Давно её не видел. Что-то
1772	случилось?
1773	Почему вы расстались?
1774	Ты что-то натворил?
1775	А? Девушка?
1776	А-а... Мы расстались на днях.
1777	Она мне изменяла. Это было
1778	настоящим ударом...
1779	(Эм, кажется, это дом моего
1780	друга Оскара.)
1781	(Я случайно забрёл сюда...
1782	Раз уж пришёл, поздороваюсь.)
1783	Здравствуйте!
1784	Оскар! Ты дома?
1785	А? Он ушёл? И его мама тоже?
1786	И почему дверь открыта...?
1787	Но нельзя ведь просто заходить,
1788	даже если это дом друга?
1789	Кажется, это комната Оскара?
1790	Здесь темно и тесно...
1791	Но его всё-таки нет дома?
1792	О чём я думаю! Нельзя просто
1793	заходить в чужой дом!
1794	«Рыцарские новости»...
1795	Бел тоже любит их читать.
1796	Кстати, Оскар всегда любил
1797	тесные места.
1798	Поэтому у него такая комната...?
1799	Игральная карта под столом...
1800	Он не любит убираться?
1801	Н... Нет, это совсем плохо! Надо
1802	уходить!
1803	Что я скажу, если меня увидят...?
1804	Хм? Брокколи...? Десять штук за 150 ноуэй?
1805	Не указано, откуда они.
1806	Где это продают?
1807	Ну... Я ненавижу брокколи,
1808	так что мне всё равно.
1809	(А... там...)
1810	Теперь я не могу пройти...?
1811	Решётка закрыта. Не пройти...
1812	Наверное, силой её не открыть...
1813	Что делать?
1814	Нужно найти другой путь...
1815	А! Лестница! Наконец-то выберусь!
1816	А-а-а, наконец-то я снаружи!!
1817	Было страшно...
1818	Кто вообще были эти люди?
1819	Тот рыцарь говорил о церковных
1820	рыцарях...
1821	А та монахиня... Разве это не
1822	одеяние Церкви Сфена?
1823	И ещё о гибели королевства...
1824	Нет... Всё, я ничего не знаю,
1825	ничего не видел, ничего не слышал!
1826	Иду домой...
1827	Цвет окна — R
1828	Цвет окна — G
1829	Цвет окна — B
1830	Непрозрачность окна
1831	Команда по умолчанию
1832	Выход
1833	Полный экран
